{
  "project_info": {
    "project_number": "133593189019",
    "firebase_url": "https://gabgab-f6479.firebaseio.com",
    "project_id": "gabgab-f6479",
    "storage_bucket": "gabgab-f6479.appspot.com"
  },
  "client": [
    {
      "client_info": {
        "mobilesdk_app_id": "1:133593189019:android:3f812caf750923f9",
        "android_client_info": {
          "package_name": "cs.uga.edu.gabgab"
        }
      },
      "oauth_client": [
        {
          "client_id": "133593189019-0kius9pfcos0lbj93stu9g8bi9efaj5n.apps.googleusercontent.com",
          "client_type": 1,
          "android_info": {
            "package_name": "cs.uga.edu.gabgab",
            "certificate_hash": "0c19e87302c6517ebfd3115746706179d41b56c2"
          }
        },
        {
          "client_id": "133593189019-2p9jtga1dks2d04lkdhmt6iphds7dsu8.apps.googleusercontent.com",
          "client_type": 3
        }
      ],
      "api_key": [
        {
          "current_key": "AIzaSyBtR1GNWKmrfoJfkXis2s73iN1uRi3X2mg"
        }
      ],
      "services": {
        "appinvite_service": {
          "other_platform_oauth_client": [
            {
              "client_id": "133593189019-2p9jtga1dks2d04lkdhmt6iphds7dsu8.apps.googleusercontent.com",
              "client_type": 3
            }
          ]
        }
      }
    }
  ],
  "configuration_version": "1"
}